edit_tag,frequency,avg_quality,avg_review_time
CTA_SOFT,2,4.0000000000000000,0E-20
CTA_DIRECT,2,3.0000000000000000,0E-20
REDUCED_CRINGE,1,5.0000000000000000,0E-20
STRUCT_BUBBLE,1,5.0000000000000000,0E-20
